Groupe materiel;Materiel
BALANCE;ODM - PROXI - BALANCE - BERKEL
BALANCE;ODM - PROXI - BALANCE - METTLER
DOUCHETTE;ODM - PROXI - DOUCHETTE  - ZEBRA DS4608
DOUCHETTE;ODM - PROXI - DOUCHETTE  - HERON D130
HDD;ODM - PROXI - HDD - REMAST. OU E/S 
SERVEUR;ODM - PROXI - SERVEUR - Jiliti Serveur LNA V1
SERVEUR;ODM - PROXI - SERVEUR - Jiliti Serveur LNA V2
SERVEUR;ODM - PROXI - SERVEUR - Jiliti Serveur LNA V3
SERVEUR;ODM - PROXI - SERVEUR - Jiliti Serveur LNA V4
IMPRIMANTE;ODM - PROXI - IMP - TMH6000III Blanche
IMPRIMANTE;ODM - PROXI - IMP - TMH6000III Noire
IMPRIMANTE;ODM - PROXI - IMP - TMH6000IV Blanche
IMPRIMANTE;ODM - PROXI - IMP - TMH6000IV Noire
IMPRIMANTE;ODM - PROXI - IMP - TMH6000V Blanche
IMPRIMANTE;ODM - PROXI - IMP - TMH6000V Noire
SCANNER;ODM - PROXI - SCANNER - Cable Scanner 9300i
SCANNER;ODM - PROXI - SCANNER - Scanner 9300i
SCANNER;ODM - PROXI - SCANNER - Scanner Magellan 8300-03
SCANNER;ODM - PROXI - SCANNER - Scanner Magellan 8400 Medium Balance
SCANNER;ODM - PROXI - SCANNER - Scanner VS2200
ECRAN;ODM - PROXI - KS S2-M2 - CABLE VISEUR CLIENT BA63
ECRAN;ODM - PROXI - KS M2 - CABLE ECRAN CAISSIER BA73
ECRAN;ODM - PROXI - KS M2 - ECRAN CAISSIER BA73
ECRAN;ODM - PROXI - KS M3 - CABLE ECRAN CAISSIER BA93
ECRAN;ODM - PROXI - KS M3 - ECRAN CAISSIER BA93
ECRAN;ODM - PROXI - KS M3 - SUPPORT VISEUR CLIENT BA64
ECRAN;ODM - PROXI - KS S2 - CABLE ALIM USB ECRAN BA83
ECRAN;ODM - PROXI - KS S2 - CABLE VGA/DVI ECRAN BA83
ECRAN;ODM - PROXI - KS S2 - ECRAN CAISSIER BA83
ECRAN;ODM - PROXI - KS IBM - ECRAN CAISSIER
ECRAN;ODM - PROXI - KS E61 - ECRAN CAISSIER
TPE;ODM - PROXI - TPE - Câble TPE Lane 5000 pour KS E61
TPE;ODM - PROXI - TPE - LANE 5000
TPE;ODM - PROXI - TPE - Câble TPE Lane 5000 pour KS S2-M2-M3
TIROIR;ODM - PROXI - TIROIR - E61
TIROIR;ODM - PROXI - TIROIR - IBM - SANS SERRURE
TIROIR;ODM - PROXI - TIROIR - IBM - SERRURE A GAUCHE
TIROIR;ODM - PROXI - TIROIR - S/M - SANS SERRURE
TIROIR;ODM - PROXI - TIROIR - S/M - SERRURE A GAUCHE
TIROIR;ODM - PROXI - TIROIR - IBM - SERRURE AU MILIEU
VISEUR;ODM - PROXI - KS M3 - VISEUR CLIENT BA64
VISEUR;ODM - PROXI - KS M3 - CABLE VISEUR CLIENT BA64
VISEUR;ODM - PROXI - KS S2-M2 - VISEUR CLIENT BA63 2X20
VISEUR;ODM - PROXI - KS IBM - VISEUR CLIENT
VISEUR;ODM - PROXI - KS E61 - VISEUR CLIENT
UC;UC
RESEAU;ODM - PROXI - RESEAU - Cable reseau RJ45 standard 3 metres
RESEAU;ODM - PROXI - RESEAU - MINI SWITCH STD 5 PORTS
SCO NCR;ODM - NCR MATERIEL PROXI/MARKET/HYPER - CLS999
SCO NCR;ODM - SCO24 - PROXI
SCO NCR;ODM - SCO25 - PROXI
SCO NCR;ODM - SCO26 - PROXI
SCO NCR;ODM - SCO27 - PROXI
SCO NCR;ODM - SCO28 - PROXI
SCO NCR;ODM - SCO29 - PROXI
SCO NCR;ODM - SCO30 - PROXI
SCO DN;ODM - SCO24 - PROXI
SCO DN;ODM - SCO25 - PROXI
SCO DN;ODM - SCO26 - PROXI
SCO DN;ODM - SCO27 - PROXI
SCO DN;ODM - SCO28 - PROXI
SCO DN;ODM - SCO29 - PROXI
SCO DN;ODM - SCO30 - PROXI
